Judon Jex,729-372-9375,3728 Declaration Plaza,Male,76
Reggi Wharrier,143-377-5217,48 International Drive,Female,39
Bennie St Quenin,168-565-3540,62 Sage Drive,Male,76
Irma Stebles,447-265-9361,82 Crescent Oaks Crossing,Female,70
Jimmy Beidebeke,319-774-2986,39559 Bluestem Plaza,Male,34
Jerri Son,146-608-8056,7888 Chinook Way,Male,43
Zea Yeomans,503-410-7138,3 Waubesa Drive,Female,54
Irvin McIlenna,321-148-4964,3429 Marquette Lane,Male,20
Raffarty Galway,553-322-5129,7 Marquette Junction,Male,58
Katerine Domleo,821-319-9654,641 Stang Street,Female,27
Merci Kirke,706-542-4490,284 Parkside Street,Non-binary,55
Charmane Nowakowska,724-980-6416,96 Prairieview Plaza,Female,76
Matias Morena,590-251-3843,17 David Court,Male,37
Bendick Strudwick,730-739-7843,54811 Shoshone Road,Male,47
Zechariah Hamflett,298-151-5325,6 6th Pass,Polygender,80
Imogene Dyball,398-494-9007,137 Tennessee Point,Genderqueer,79
Bail Borgne,928-407-8557,339 Johnson Street,Male,24
Stephen Arrigo,505-402-8240,49061 Bluejay Road,Male,65
Samuele Spours,379-209-2920,62447 Fallview Parkway,Male,33
Nannette Ough,824-546-9951,492 Lakewood Gardens Alley,Female,60
Emmalynne Dadley,624-385-9869,35 Saint Paul Drive,Female,68
Brigit De Hoogh,292-776-5000,96159 Sundown Way,Female,18
Jackson Doag,110-744-9186,67183 Fordem Pass,Male,75
Kurt Lowes,878-214-1541,56 Washington Place,Male,31
Ike Pinckstone,785-174-1845,564 Schlimgen Alley,Male,73
Madlen Redolfi,315-276-5476,829 Bay Hill,Female,38
Velvet Kiddie,636-303-7783,8047 Clemons Center,Female,47
Bill Congreave,418-377-1715,99 2nd Point,Female,65
Delinda Reuter,398-547-7930,53209 Oxford Parkway,Female,41
Sylas Dowears,652-319-2910,6595 Union Lane,Male,29
Fonzie Salla,503-566-5715,01 Roxbury Circle,Male,34
Maria Duester,214-700-6718,921 Marquette Court,Female,76
Gabi Hawkeridge,170-422-5741,802 Grim Place,Male,23
Hodge Fidele,267-818-2026,9 Fremont Lane,Male,20
Vincenz Drew,999-623-8222,00 Dapin Road,Male,75
Noreen Inch,479-613-2000,884 Cambridge Crossing,Polygender,21
Aurora Eyre,611-135-5455,6330 Northridge Place,Female,59
Jameson Eslie,289-879-9593,362 Coolidge Road,Male,27
Dasya Lovelace,210-641-3954,319 Merchant Parkway,Female,23
Carmella Featenby,874-273-4467,23 Main Way,Female,73
Andres Jerok,267-408-3058,17388 Muir Pass,Male,55
Celesta Balaison,106-385-4854,2 Mcguire Road,Female,42
Locke Fayre,294-914-0534,369 American Street,Male,21
Lou Juarez,527-723-5754,2 Vera Place,Male,42
Ardisj Apple,393-101-2674,74 Del Mar Pass,Female,37
Charmain Ranvoise,270-450-8259,113 Hooker Alley,Female,64
Bria Eilers,481-483-2035,217 Towne Park,Female,38
Rockwell Prattington,712-805-3861,41091 Arkansas Parkway,Male,77
Farleigh Edginton,534-457-4010,9561 Maple Plaza,Male,42
Drusilla Dan,871-884-6663,948 Nelson Road,Female,46
Doug Dumphry,545-421-3326,1 Evergreen Avenue,Male,24
Letta Steers,645-579-8198,387 Oneill Crossing,Female,73
Yancey Harpham,-859-1529,445 Heffernan Hill,Male,77
Loralyn Isacsson,485-476-8788,6 Twin Pines Junction,Female,48
Lay Schimek,489-837-1111,4915 Rutledge Alley,Male,41
Gusti Bigglestone,396-122-9850,04 Springview Place,Female,65
Axe Euler,260-593-5759,7 Golden Leaf Parkway,Male,44
Mariann Olyff,605-584-2350,6 Russell Street,Female,46
Swen Polamontayne,900-302-0620,11 Esch Park,Male,59
Atalanta Farquarson,640-354-2978,6 Cascade Center,Female,29
Fritz Palethorpe,419-480-2846,15339 3rd Alley,Male,62
Davis Neate,249-827-6891,01709 Cambridge Parkway,Male,42
Erastus Semmens,652-920-6153,24 Scofield Alley,Male,58
Beitris Blakeney,352-956-1439,63262 Clove Plaza,Female,28
Xerxes Lindsey,782-863-7696,3081 Sugar Junction,Agender,36
Farris Roseveare,340-533-6083,231 Maywood Pass,Genderqueer,39
Mallory Cornejo,980-476-3515,460 Helena Trail,Female,80
Bathsheba Dat,827-117-7156,596 Havey Point,Female,74
Odey Jelf,523-469-8697,81 Erie Point,Male,38
Fee Ilyin,580-846-2243,4 Basil Lane,Genderqueer,67
Elane Sherewood,948-918-5155,79932 Meadow Vale Drive,Female,27
Christian Rowsel,104-176-3801,36 Springs Center,Female,72
Marcella Pilling,666-128-9999,180 Crownhardt Point,Genderfluid,21
Guillema Burker,369-400-0184,30 Farwell Street,Female,52
Falkner Matthew,103-244-9920,2 Cardinal Center,Male,73
Liana Scirman,747-288-3745,092 Ramsey Terrace,Female,32
Teddy Gostall,408-441-1201,82939 Jackson Pass,Agender,67
Germain Maseres,601-328-1040,4250 Bonner Pass,Genderqueer,64
Nettle Congreave,309-484-1256,51895 Coolidge Junction,Female,39
Gerik Puncher,768-808-9411,11496 Golf Junction,Male,19
Mordecai Gilstin,605-213-5009,04644 Mcguire Alley,Male,65
Chris Basindale,416-655-3977,1576 Hauk Park,Female,33
Dorelle Bruckmann,700-570-1794,0128 Helena Drive,Female,68
Jessika Lowder,711-273-3173,416 Nova Court,Female,41
Gloria Anear,357-909-4425,1958 Fair Oaks Center,Female,53
Mikey Parffrey,589-972-5304,8619 Summit Place,Male,73
Nicol Tallyn,984-881-4640,2910 International Avenue,Female,71
Vittorio MacGregor,505-645-9890,39 Buhler Pass,Bigender,22
Holly Gatiss,963-148-1782,59 Nancy Drive,Male,73
Carson July,338-881-6201,1488 Bartillon Street,Agender,20
Adeline O'Tuohy,818-937-0497,17 Pepper Wood Plaza,Agender,31
Tyrus Luety,812-924-2174,691 Grayhawk Parkway,Male,69
Arlie Yarr,115-841-6850,48906 Kensington Drive,Female,45
Carola Flux,297-400-4269,752 Saint Paul Place,Female,29
Nerita Fortnon,671-937-2532,6301 Mockingbird Drive,Female,31
Faun Goskar,480-164-8912,1 Scofield Hill,Female,47
Chaddie Madison,845-797-7834,6776 Red Cloud Drive,Male,55
Corrina Echlin,304-568-1851,3704 Muir Parkway,Female,21
Boote Dumbellow,676-388-7321,18510 Brown Terrace,Male,21
Borg Brimelow,995-684-3550,064 Shoshone Hill,Male,27
Fabien Jackways,673-789-0759,2680 4th Junction,Male,74
Alexander Girth,629-959-7113,1 Redwing Way,Male,66
Tomi Dovington,204-716-5516,32 Talmadge Circle,Female,40
Mareah Gero,851-591-8637,6189 Forster Road,Polygender,68
Hermy Garlee,222-909-7111,0291 Russell Alley,Male,36
Gerome Hosburn,401-323-8640,0480 Dakota Lane,Male,74
Brose Jendricke,569-449-5662,449 Larry Court,Genderfluid,62
Raleigh MacVicar,884-909-2873,60619 Chinook Alley,Male,26
Rozelle Littlecote,405-705-6482,31085 Twin Pines Parkway,Female,68
Trefor Odegaard,864-915-1816,32 John Wall Place,Male,60
Fleur Seldner,897-566-0758,745 Miller Court,Female,35
Sherm Ethelston,392-468-1017,40043 Glendale Plaza,Male,44
Boycey Cawt,567-808-6421,314 Moland Crossing,Male,32
Uriah Forryan,141-727-4960,03 Golf Course Pass,Male,19
Audre Abram,164-272-4433,64666 Aberg Center,Female,52
Marti Lenormand,734-871-1609,2725 Bultman Point,Female,23
Emile Pottberry,651-502-9709,1853 Sugar Road,Male,50
Jacky Michelotti,845-895-6765,38020 Sachtjen Center,Male,59
Radcliffe Standen,913-886-4876,7946 Monica Parkway,Male,31
Thain Doogan,245-145-8103,0223 Cottonwood Lane,Male,41
Conney Eates,331-608-4757,9 Larry Court,Male,35
Di Hencke,511-914-8900,7049 Claremont Crossing,Female,79
Tersina Kingsnoad,230-736-0801,749 Dunning Park,Genderqueer,24
Dayle Farrier,916-594-7873,8 Dryden Avenue,Female,63
Willow Aloway,886-193-4052,3 Dorton Way,Female,19
Ingamar Fuzzey,148-677-6977,5261 Summit Road,Male,41
Karim Fern,423-950-1029,089 Marquette Center,Male,80
Caryl Shurmer,182-908-5239,3600 Hazelcrest Parkway,Male,57
Nobe Fellis,977-347-8576,590 Westridge Street,Genderfluid,35
Philipa Luberti,554-628-6614,964 Hayes Street,Female,65
Jeffie Digance,154-625-8667,01 Dixon Road,Bigender,39
Hal Filson,858-594-5786,36117 Ohio Court,Male,41
Oliver Landeg,820-253-6284,22503 Independence Pass,Bigender,70
Rosco Stoke,623-638-6261,809 Di Loreto Park,Agender,60
Valdemar Paszak,310-363-2655,898 Talmadge Center,Male,19
Mignonne Fernyhough,161-662-6470,77 Jay Center,Female,51
Brendis Dulen,213-524-5554,3879 Jenna Road,Male,61
Nonie Blackwell,908-694-6473,1572 Pearson Junction,Female,55
Lewiss Okeshott,936-502-1995,77 Erie Circle,Male,37
Sterne Hugk,779-807-9166,733 Redwing Crossing,Male,56
Padgett Leftridge,979-493-7119,185 Park Meadow Place,Male,19
Margarethe Harse,612-348-6573,5291 Graedel Trail,Female,19
Care Drew,516-305-7708,938 Mayfield Drive,Male,26
Nico Lampel,554-727-1211,136 Tennessee Point,Male,62
Harper Fisbey,203-586-5473,73700 Texas Plaza,Male,40
Fergus Earpe,658-159-0573,52949 La Follette Alley,Male,55
Iormina Antrack,273-503-5271,0 Mitchell Road,Female,80
Melita Yuryatin,202-593-1390,85 Maple Wood Way,Genderfluid,76
Catlin Fechnie,230-229-3987,82 East Plaza,Female,25
Hedwig Shatford,608-321-8061,1997 School Alley,Agender,46
Andrej Moores,237-172-8600,38071 Norway Maple Parkway,Male,65
Truda O'Regan,880-891-7466,25987 Kipling Terrace,Female,60
Sarette Larne,272-263-4871,62 Di Loreto Place,Female,56
Jenica Klosterman,133-954-2994,376 Homewood Alley,Non-binary,47
Tobin Greening,653-717-9574,2 Eagan Road,Male,75
Salim Gorling,699-854-4069,4848 Marcy Place,Male,73
Payton Palleske,881-918-8227,9300 Hollow Ridge Place,Male,52
Lorianna Duffet,862-441-9200,819 Gerald Circle,Female,44
Jaymie Tomes,487-412-7871,8559 Waxwing Way,Male,79
Reiko Sharpling,302-305-4309,7 Charing Cross Way,Female,76
Leon Rosenshine,143-647-3890,06 Grasskamp Hill,Male,50
Ingra Saurat,951-826-9763,58817 Westport Trail,Non-binary,30
Nanni Cowx,215-123-9212,3571 Mayer Way,Female,44
Pattie Screech,389-958-1011,6524 Hudson Point,Female,33
Genna Wicher,122-255-5875,18105 Waubesa Parkway,Non-binary,80
Cam Tompkiss,234-185-0434,0 Meadow Ridge Drive,Male,66
Bamby Aldwinckle,441-868-9066,26661 Hagan Plaza,Female,52
Maisie Attride,771-745-0049,43 Bartillon Circle,Polygender,60
Kelley Putman,428-739-9197,269 Sundown Road,Female,35
Tore Bride,676-363-6843,33787 Larry Pass,Male,36
Kip Stockford,974-601-1112,16515 Barnett Crossing,Female,25
Ranice Kirley,569-485-0117,25828 Scofield Way,Female,27
Dante Hambatch,564-388-8478,83739 Kings Center,Male,47
Nonnah Torrijos,766-502-8466,03 Bayside Drive,Female,69
Aylmer Ostrich,554-680-3584,91440 Comanche Drive,Male,65
Demetri Pierse,257-442-0885,72283 Meadow Vale Road,Male,18
Annice Gammie,972-244-8777,51 Kim Junction,Female,22
Beck Killiner,989-101-9109,32 1st Plaza,Male,62
Richmound Slinn,991-985-7845,7 Monica Pass,Male,19
Karna Heinlein,351-712-5289,9283 Onsgard Lane,Female,75
Bjorn Ollin,858-924-3182,8482 Crownhardt Center,Genderfluid,33
Elisabeth MacAllister,299-958-0621,67 Mayfield Crossing,Female,77
Ric McKerley,354-135-2434,65 Ronald Regan Crossing,Male,22
Roarke Gosdin,585-503-1571,1 Tennyson Junction,Male,42
Davey Key,683-622-1383,7312 Manufacturers Junction,Male,44
Jeremiah Swaden,847-848-8962,85 Debra Hill,Male,20
Chicky Hallowell,678-709-5402,0282 Larry Plaza,Male,21
Emmeline Conkey,507-445-7420,0 Jana Trail,Female,33
Erny Rider,758-576-2653,00 International Court,Male,69
Mace Capstaff,541-987-1532,387 Surrey Road,Male,27
Marji Benedikt,763-780-8263,2 Lakewood Gardens Alley,Female,36
Floyd Bizzey,678-657-1544,7480 Chive Junction,Male,68
Manny Conachy,294-907-4736,899 Del Sol Avenue,Male,42
Ewan Condict,649-969-7126,84 Park Meadow Road,Male,25
Callida Coggen,354-667-0382,86577 Warrior Crossing,Non-binary,51
Fleming McNelly,847-718-6420,00606 Mitchell Court,Male,38
Kiri Rubinov,255-290-0079,3 Kingsford Center,Female,39
Donnell Weir,268-208-5418,5240 Drewry Hill,Male,73
Tedman Hathwood,527-977-1466,05090 Glacier Hill Trail,Male,42
Jeanine Dickenson,250-922-4210,906 Nobel Pass,Female,50
Flss Aggio,781-182-8441,1 Hooker Circle,Female,44
Kearney Renachowski,502-808-3333,9086 Elmside Circle,Male,34
Jonis Vidineev,287-131-6743,18236 School Court,Female,18
Emmalynn Maghull,580-979-2189,9 Pankratz Alley,Genderfluid,52
Katha Kochl,598-525-0315,96167 Crest Line Junction,Female,58
Odie Broadhurst,303-523-1259,6 Arrowood Circle,Male,68
Samuele Sandle,402-887-6527,4691 Dawn Circle,Male,48
Catha Tippler,921-623-3382,576 Manley Place,Female,36
Rene Cosins,465-714-5140,46 Sunfield Park,Male,40
Keven Horche,385-892-8712,639 Scofield Junction,Male,29
Reynolds Yakunchikov,337-127-9909,076 Oneill Trail,Male,47
Barn Raraty,759-366-8091,7 Summer Ridge Alley,Male,38
Mayne Thal,703-421-9079,29 Randy Pass,Male,60
Yale Luisetti,890-325-7690,05 Dakota Avenue,Bigender,25
Court Lougheed,496-627-7401,42 Barnett Center,Male,32
Devin Sweetenham,240-265-8637,7459 Farragut Trail,Female,34
Dalt Loughren,786-839-0060,22019 Vera Place,Male,79
Kliment Castri,925-208-3335,685 Eagan Way,Male,57
Kathi Kerwin,934-354-3981,4026 Novick Terrace,Female,39
Rodi Hlavecek,316-730-8508,9 Continental Trail,Female,20
Andres Vaughn,246-933-0492,42580 Stuart Plaza,Agender,47
Doy Scanlon,938-234-0723,047 Sundown Park,Male,56
Kev Bunker,454-499-4995,40 Buena Vista Way,Male,69
Jule Knibley,600-820-5225,52 Monument Crossing,Male,32
Geri Allsepp,600-678-7936,54 Prairieview Alley,Male,31
Marnia Gandar,327-330-3410,9292 Moland Point,Female,70
Bathsheba Wason,183-742-6959,73 Brown Place,Female,29
Iorgos Gorgl,435-535-8397,81 Summerview Plaza,Male,73
Sigvard Aldington,889-390-4222,401 Vernon Avenue,Male,23
Lefty Hearson,618-955-5388,930 Nelson Place,Male,80
Kennie Popping,281-232-5516,0999 Comanche Alley,Male,58
Cybill Gonzalez,922-204-0275,5874 Daystar Terrace,Female,79
Arin Stanlike,657-372-7529,18086 Homewood Way,Male,45
Bing Carsey,895-933-3386,65550 5th Way,Male,23
Ethelred Jeandon,320-417-3344,3232 Burrows Circle,Male,50
Arney Rowter,722-633-4004,8 Iowa Center,Male,57
Timi Frickey,770-773-1840,1 Lerdahl Plaza,Female,45
Auberon Brand-Hardy,489-543-5705,3811 Menomonie Lane,Male,59
Donavon Dennistoun,755-712-0356,4 Ludington Pass,Agender,62
Farrel Hacksby,898-913-1559,62 Acker Junction,Male,64
Persis Shurman,726-430-0870,8016 Gateway Hill,Female,73
Benjy Neathway,227-733-8458,80 Elgar Circle,Male,72
Pryce Hourstan,800-627-6940,4708 Kennedy Lane,Male,64
Maggie Alasdair,751-695-5400,7394 Erie Junction,Female,23
Dorthy Logue,596-947-6291,8235 School Parkway,Female,47
Dulsea Sabatini,441-319-3127,3192 Northview Circle,Female,71
Rita Collumbell,718-775-8565,6524 Tomscot Hill,Female,50
Gannie Burds,535-954-0282,2699 Towne Drive,Male,79
Nell Janczewski,512-636-4329,0 Anniversary Lane,Female,28
Guillermo Rennick,840-241-8385,894 John Wall Drive,Male,77
Barbabra Paradise,223-452-6428,73 Sugar Lane,Genderfluid,60
Kippie Joderli,258-146-1705,12 Stoughton Trail,Non-binary,57
Giffer Caldaro,619-289-1051,179 Chinook Park,Male,31
Gavan Turmell,496-986-3056,5337 Lillian Drive,Male,80
Amy Bendig,713-474-4837,2532 Hoffman Crossing,Female,54
Jacky Masser,325-602-8715,6990 Shoshone Court,Female,71
Tiebold Floris,758-807-6582,95 Gateway Center,Male,69
Dody Greader,313-268-3437,4909 Canary Court,Female,28
Helyn Gait,228-678-3607,76689 Walton Trail,Female,55
Sol Pimlott,398-143-2044,13528 Kennedy Hill,Male,53
Lammond Colten,719-802-7044,22990 Comanche Terrace,Genderqueer,66
Gregorio Jowle,101-676-1370,2054 Granby Road,Male,77
Anita Colliber,936-294-3314,11011 Debra Court,Female,23
Rick MacDearmont,509-167-8008,4250 Kingsford Alley,Genderqueer,69
Lorita Gobourn,827-265-8073,75 Bashford Way,Genderqueer,43
Ebenezer Nutty,422-694-9332,1120 Dakota Point,Male,49
Arlene Ivetts,422-288-9372,0686 Carey Drive,Female,74
Kenn Krahl,579-607-8978,9488 Alpine Junction,Male,25
Christian Curd,514-351-0810,65 Reinke Alley,Male,39
Mireielle Crosser,966-294-5028,35944 Delaware Street,Female,56
Ricky Bachellier,214-454-4031,95 Fairfield Terrace,Male,45
Wilone Kyndred,733-250-2733,27 Twin Pines Street,Female,71
Aubrette Westhead,287-964-6812,07027 Morrow Trail,Female,74
Marcellus Langfitt,437-960-2833,962 Jay Way,Male,37
Parsifal Popley,974-176-3709,073 Hudson Park,Male,64
Kipp Gecks,910-350-3547,18608 Lakewood Gardens Circle,Female,23
Quinta Thirkettle,189-671-6064,2742 Homewood Hill,Female,54
Hershel Cushworth,679-173-6556,7714 Kensington Street,Male,55
Lin Le Grys,901-839-8957,59 Sheridan Drive,Male,78
Deidre Blune,114-818-7690,45 High Crossing Circle,Female,50
Marleen Fair,933-721-3598,1 Coleman Alley,Female,36
Daisy Aldwinckle,647-845-9403,83083 Briar Crest Alley,Female,33
Margarette Hindshaw,861-152-7693,51 Bluestem Alley,Female,58
Adlai Parfrey,770-314-8470,76 Spohn Hill,Male,30
Yancey Jekyll,617-484-2375,75716 Rockefeller Road,Male,32
Aldrich Edowes,322-521-7271,2428 Linden Street,Male,24
Wilfrid Cosby,571-820-8883,27 Chive Avenue,Male,23
Dorisa Crosi,744-459-8479,70287 Vera Pass,Non-binary,58
Curry Lorrie,983-943-7936,6014 Oxford Hill,Male,52
Nonah Minshull,287-910-7991,00685 Scoville Court,Female,28
Merrie Kernley,269-924-1428,94 Porter Parkway,Female,31
Sue Coche,494-979-0131,8046 Pawling Way,Genderfluid,59
Ransom Laurens,895-512-8819,0748 Coolidge Trail,Male,21
Neal Amys,175-949-6603,39774 Kipling Avenue,Male,29
Zolly Troker,657-252-0552,188 Scoville Center,Male,54
Dolly Umpleby,817-680-0657,4 Calypso Terrace,Female,28
Rhea Casacchia,933-387-2620,542 Pawling Circle,Female,33
Liana Corradengo,670-616-2370,4990 Pepper Wood Hill,Female,70
Ruperta Berceros,524-991-0198,40 Northridge Crossing,Female,55
Elberta Ferrieri,505-253-5947,9 Hovde Plaza,Female,55
Nadean Pichan,327-469-3995,8 Talisman Avenue,Female,38
Lonnard Le Provest,217-561-2706,9 Autumn Leaf Hill,Male,29
Conroy Moroney,255-839-7626,2 Kipling Avenue,Male,31
Ignatius Staples,449-529-3647,706 Northwestern Street,Male,38
Cosimo Lindborg,381-698-3335,0 Rockefeller Court,Bigender,43
Russell Cherm,771-985-4482,966 Harper Road,Male,53
Baird Geekin,954-109-7090,37 Cascade Pass,Male,77
Garfield Mazillius,168-561-1204,14 Melvin Pass,Male,61
Otes Dowtry,775-438-1872,09947 Straubel Road,Polygender,55
Inglis Garmon,335-225-4806,32598 Fremont Street,Male,63
Camel Habergham,391-989-5880,839 Vernon Avenue,Genderqueer,39
Dasie Alesin,474-795-0923,7 Marcy Trail,Female,60
Lindi Dicky,746-190-3197,1 Hagan Road,Female,31
Ailsun Disdel,142-518-4002,96 Anderson Crossing,Female,31
Dominga Moggie,995-593-0058,4484 Cottonwood Park,Female,34
Charles Stoade,434-236-7079,86354 Calypso Circle,Male,25
Brier Fownes,405-404-8561,815 Dottie Point,Female,50
Bentley Colles,460-439-7925,47 Logan Avenue,Male,32
Ram Curson,632-619-2634,4 Stoughton Center,Male,37
Bobine Tampin,520-662-5613,2324 Roxbury Alley,Female,51
Augustin Walkingshaw,942-930-5436,59305 Charing Cross Junction,Polygender,21
Flin Brogden,460-845-4071,18 Arizona Plaza,Male,56
Timmi Brissard,865-417-8592,4981 Division Court,Female,56
Loralyn Cringle,114-780-6246,264 Sachs Crossing,Female,73
Layton Jeenes,937-106-5034,228 Sherman Place,Male,47
Richard McIvor,996-534-6084,523 Northwestern Place,Male,55
Eloisa Flanagan,248-863-1513,4 Clove Hill,Female,31
Vasili Clementi,748-907-5373,09938 David Junction,Male,72
Lindi Egdale,466-936-8024,84229 Oneill Avenue,Female,61
Rozamond Lorence,610-459-3819,9049 Caliangt Alley,Female,50
Giavani Skilbeck,232-670-9877,449 Mccormick Court,Male,21
Amandy Tindle,644-350-4794,2 Scott Park,Female,56
Nessa Burg,862-716-2939,7 Pankratz Way,Female,57
Hinda Stronack,962-862-6121,13 Moulton Circle,Female,79
Cooper O'Hartigan,485-123-1294,6 Barnett Hill,Male,51
Doris Dudenie,165-825-3536,54 Hoffman Parkway,Female,37
Willette Matysiak,613-945-1337,8 Burning Wood Court,Female,29
Linette Shwenn,436-744-8046,873 Thackeray Alley,Female,41
Isaak Pidwell,643-911-1322,0 Thierer Road,Male,58
Ethel Kiltie,536-393-2799,2759 Walton Parkway,Female,28
Dode Iscowitz,556-203-5600,336 Corscot Point,Female,77
Natale Gower,569-550-9406,41311 Truax Circle,Male,64
Auberta Meanwell,506-487-7557,50603 Ridgeview Pass,Female,25
Tait Ilbert,297-239-7554,0245 Dwight Point,Male,64
Felicle Kiera,898-198-2250,9038 Eggendart Park,Female,36
Kienan Bewsey,815-369-4529,9991 Cascade Park,Male,52
Nikki Concklin,344-411-5014,68 Independence Junction,Female,78
Eimile Nanetti,611-816-8467,704 Hoffman Park,Female,51
Stillman Giordano,354-842-2180,96 Reindahl Drive,Male,36
Fulvia Keniwell,638-856-4228,076 Springs Circle,Female,21
Stanley Avramov,597-963-6865,9 Utah Park,Male,80
Lindsey Belden,398-641-2378,34824 Susan Alley,Male,18
Maynard Aliberti,842-206-9639,8807 John Wall Junction,Polygender,67
Anson Merill,512-106-9149,18922 Bellgrove Parkway,Male,49
Willie Norley,241-369-0216,35263 Michigan Road,Male,44
Druci Steuhlmeyer,930-420-7931,274 Nova Point,Female,65
Gladys Normant,152-938-4045,19 Nova Center,Female,52
Hasheem Gillfillan,582-810-2572,62 Waywood Junction,Male,35
Leoline Ygou,240-810-2250,470 Marcy Pass,Female,36
Ashely McKue,581-561-2836,48 Rieder Way,Female,33
Devora Yeardsley,182-534-0399,8 Nobel Circle,Female,20
Michell McClurg,169-656-5975,6 Paget Lane,Female,34
Farley Hedaux,682-957-0632,505 Shasta Hill,Male,72
Virginia Browett,390-231-3068,0 Hallows Terrace,Female,55
Napoleon Patching,864-120-1769,9 Brentwood Trail,Genderfluid,59
Phylis Gosalvez,186-516-3628,73 Fordem Avenue,Female,60
Leona Dinan,187-176-8355,9144 Red Cloud Way,Female,34
Quentin Cammoile,544-633-0257,9 Continental Court,Male,45
Eben Propper,857-759-4710,11 Schiller Avenue,Male,43
Maryann Crow,335-668-5961,8 Redwing Place,Female,79
Joane Rubery,680-299-0297,83271 Crescent Oaks Terrace,Female,71
Kevan Collumbine,416-220-9671,9782 Briar Crest Parkway,Male,54
Merill Emblin,865-439-2677,6937 Mallard Lane,Male,50
Esmaria Conningham,220-288-5397,18 Tennessee Trail,Female,74
Sorcha Chagg,961-636-5919,8 Pennsylvania Point,Female,60
Blake Sjostrom,144-180-8766,14890 Lakewood Gardens Place,Male,68
Skipton Lindfors,161-791-1687,0910 Vahlen Lane,Male,20
Gabriel Kmiec,382-101-8878,75424 Harbort Pass,Female,25
Oates Gery,347-293-4981,5674 Stuart Point,Genderfluid,35
Dewie Depper,645-302-4856,79366 Aberg Alley,Male,37
Ardine Chevolleau,661-355-7781,42 Pine View Way,Female,20
Hally Fylan,295-878-0591,28686 Elmside Street,Female,64
Denis Kern,379-466-1025,2132 Anhalt Trail,Male,38
Michell Brackenbury,810-405-0553,55 North Street,Female,68
Rex Soppit,475-865-5848,90 Lyons Junction,Male,75
Rusty Dipple,322-865-5883,68059 Village Green Drive,Male,79
Dougie Quinby,442-865-7721,4 Vernon Court,Male,24
Paloma Wainwright,261-557-2901,5 Summit Pass,Female,45
Domeniga Thunderman,236-908-8976,7 Pine View Road,Female,36
Erastus Crinage,689-993-7327,81949 Trailsway Pass,Male,24
Franklyn Linge,245-884-2242,323 Stuart Lane,Polygender,73
Clemmy Ramos,852-409-3203,3 Oneill Point,Female,77
Obadias Parr,262-322-7698,6 Green Ridge Alley,Male,26
Hermon Iianon,151-646-8822,35 Scofield Hill,Male,25
Calhoun Foucher,193-195-1823,67 Macpherson Circle,Male,51
Kerr Ludlem,789-266-1649,7319 4th Alley,Male,25
Allyce Habert,782-112-7083,184 Miller Center,Female,77
Lynnea Neissen,511-230-2166,24 Northland Terrace,Genderfluid,38
Max Orpyne,266-193-8449,73 Crownhardt Center,Female,51
Vicky Torbet,393-677-5683,3 Tomscot Alley,Female,70
Boyce Hartburn,501-845-9026,1322 Bultman Park,Male,63
Osbert Palmby,684-383-2861,67880 6th Alley,Male,20
Brianne Ambler,290-117-3441,3497 Hauk Point,Female,18
Jarret Heinish,958-814-0664,7206 American Ash Circle,Male,60
Ulrikaumeko Liver,830-314-0351,22 Sutherland Court,Female,36
Federica Edmead,629-977-4585,6236 Carpenter Court,Female,48
Rori Shyres,400-407-7460,261 Sunbrook Terrace,Female,61
Dominic Klemt,842-223-4924,544 Shasta Lane,Male,34
Livia Dener,331-820-1553,503 Forest Run Way,Female,60
Hieronymus Bizley,734-843-7740,00980 Weeping Birch Trail,Male,61
Alicia Henriet,608-550-8397,1060 Tennyson Hill,Female,67
Kerri Najafian,706-826-2702,8 Fordem Terrace,Female,61
Elianora Beardall,229-521-8218,69 Cottonwood Drive,Female,78
Emmalyn Vasenkov,410-569-5831,96 Nevada Avenue,Female,44
Richy McNabb,445-105-8872,94086 Kropf Hill,Male,46
Glenn Arkell,479-701-3218,44270 Hauk Hill,Female,42
Jeromy Gregoratti,315-353-3631,18 Colorado Junction,Male,44
Dagny Gosney,191-132-9102,0 Northfield Park,Male,25
Jobina Joriot,642-280-2808,311 Loeprich Hill,Female,24
Rosabelle Gable,342-899-5945,73 Garrison Trail,Female,74
Sue Frontczak,477-987-8683,6 Evergreen Point,Female,41
Dave Coultas,595-637-8948,43 Forest Dale Junction,Male,61
Pattie Arent,453-719-9711,0 Monica Alley,Female,72
Sorcha Eidelman,703-701-3645,1 Bay Plaza,Female,59
Coop Harvey,467-923-4960,575 Helena Point,Male,31
Kermie Zorzenoni,304-582-5468,49 Kim Junction,Male,71
Cecily Caudray,821-215-2462,8231 Straubel Parkway,Female,46
Newton Full,155-453-2413,2932 Towne Parkway,Male,51
Nellie Sherratt,388-469-9980,272 Southridge Place,Female,56
Reba Guillerman,427-257-6064,5 Clove Junction,Female,42
Crosby Thrower,102-193-1927,7 Washington Lane,Male,32
Jacinda Hogben,257-354-0746,03735 Evergreen Street,Female,50
Maxy McAuslene,974-764-6154,23080 Prentice Lane,Male,60
Major Conradsen,152-972-8293,81 Brown Lane,Male,24
Thalia Muriel,506-400-9763,275 Kingsford Road,Female,76
Alfie De Bruyn,331-156-1531,8 Arizona Plaza,Male,69
Claude Boyack,604-729-1217,0 Sycamore Court,Female,77
Briano Pero,113-264-5437,587 Eagle Crest Center,Male,19
Dunc Holtham,410-896-9073,678 Maple Crossing,Male,27
Nikita Clymer,188-246-2146,5399 Cordelia Drive,Male,69
Winny Sayre,549-500-5647,423 5th Court,Male,68
Edithe Matthewman,361-454-7535,9309 Bashford Drive,Female,75
Cathyleen Mc Cahey,443-244-6969,915 Almo Lane,Female,30
Lexis Ruvel,110-163-1271,395 Mifflin Plaza,Female,19
Charisse Squibbes,895-579-3987,9 Dahle Terrace,Bigender,58
Armstrong Libbie,465-971-5182,82583 Hoard Parkway,Male,74
Gertrudis Beeken,459-329-3076,8 Pawling Trail,Female,67
Carmine Burbridge,511-684-5072,4 Bluestem Crossing,Male,19
Humfried Braikenridge,583-982-1614,43 Brown Road,Male,65
Emalee Durn,522-799-8355,117 Mayfield Pass,Genderqueer,58
Giorgio Martinez,500-939-1447,354 Onsgard Trail,Male,50
Liliane Schaumann,914-236-4877,228 Cottonwood Circle,Genderqueer,61
Fernanda Etteridge,982-698-1391,253 Village Green Way,Female,54
Meade Gilpillan,450-118-3166,489 Prairieview Hill,Male,33
Oby Pilfold,333-217-5015,148 Spohn Way,Male,72
Padriac Gaven,787-314-5333,3961 Jenifer Lane,Genderfluid,65
Dominica Erangy,759-895-9828,3 Dakota Road,Female,38
Ethelred Stansbie,973-776-8038,919 Stoughton Parkway,Male,40
Adolpho Semble,375-926-0860,8987 Porter Park,Male,71
Shep Zambonini,679-823-5064,89 Carioca Drive,Male,29
Paco Irvin,533-954-7883,203 Badeau Circle,Male,56
Cointon Linnitt,413-299-7537,927 Leroy Street,Male,44
Micheil Loxly,992-106-7322,245 Jana Place,Male,73
Frazier Cissell,420-792-2791,50062 Boyd Street,Male,42
Garth Pickvance,266-516-8089,17 Cambridge Plaza,Male,45
Dill Artindale,933-920-1235,26815 Nova Road,Male,45
Catie Urridge,758-597-8803,2 Thierer Junction,Female,27
Walther Rubenczyk,746-363-7025,4 Walton Way,Genderfluid,28
Ellsworth McIlrath,768-225-4126,56 Jenifer Street,Male,75
Mignonne Crackett,679-506-1860,6 Kingsford Court,Female,47
Lindie Littlefair,349-149-1113,0620 Morningstar Pass,Female,20
Ianthe Hagart,263-572-7681,7551 Bunker Hill Way,Female,66
Derwin Buttwell,800-699-7029,90205 East Crossing,Male,77
Stephana Lalevee,492-810-2722,1 East Circle,Female,47
Nero Askell,425-871-2115,53640 Sachtjen Junction,Male,62
Zachariah Toopin,316-197-8437,9 Arizona Terrace,Male,58
Dorotea Blumire,931-335-2900,55 Hooker Street,Female,69
Smitty Vasenin,804-622-1998,0650 Maple Wood Place,Male,24
Maure Paddingdon,594-313-5417,37 Old Gate Center,Polygender,33
Cyrill Bandy,569-745-3813,3 Victoria Pass,Male,50
Aleda Gittins,110-705-6925,699 Mariners Cove Street,Bigender,23
Row Shelmardine,567-363-5567,7642 Brown Center,Female,22
Maryann Cassius,752-854-6092,207 Reinke Way,Female,60
Danice Wibberley,639-519-3165,9283 Dottie Park,Female,46
Esther Hoogendorp,781-214-8128,1675 Lakewood Way,Female,32
Angela Jaggard,635-391-7441,68006 Lakewood Street,Female,53
Evangelia Davinet,432-463-8295,498 Lerdahl Center,Female,76
Tedie Wythe,509-106-2826,14823 Mcbride Place,Male,56
Margalo Eversfield,939-690-2936,6582 Autumn Leaf Court,Female,58
Carlotta Bonny,850-424-8212,47063 Maryland Plaza,Female,59
Sigismond McKane,729-896-6088,35 Oxford Pass,Male,64
Collen McTeague,834-196-4172,29 Truax Circle,Polygender,21
Helaina Van Cassel,870-613-1542,55 Crownhardt Avenue,Female,62
Dacey Pitkethly,556-440-8873,63063 Bultman Plaza,Genderqueer,56
Sephira Labin,497-414-9266,12 Esker Center,Female,79
Salli Knobell,239-722-8289,4300 Trailsway Avenue,Female,59
Lainey Portal,428-203-1544,6069 Dahle Terrace,Female,65
Maxwell Moraleda,139-645-8665,323 Homewood Road,Male,29
Murdock deKnevet,825-272-2086,8 John Wall Parkway,Male,36
Lynsey Yurov,530-179-0191,14 Bayside Plaza,Female,64
Renie Krause,300-234-2626,81245 Twin Pines Avenue,Female,60
Irvin Eleshenar,329-669-5832,32400 Sachs Street,Male,71
Rickey Taleworth,390-558-0129,33 Vera Point,Male,29
Casey Benz,674-233-3893,9867 Dexter Center,Male,42
Melisandra Fatkin,161-693-9648,36 Kim Terrace,Female,40
Adriana Kislingbury,221-362-2635,72 Hagan Way,Female,27
Zitella Towe,559-628-0226,4 Eggendart Park,Female,27
Hal Lawlie,332-182-8598,4126 Lotheville Center,Male,25
Alec Pessold,530-763-6221,5 Elgar Way,Male,57
Davy Meldrum,687-936-1207,6174 Northfield Point,Male,41
Michail Cortese,119-648-3480,26 Crest Line Alley,Non-binary,42
Todd Floyed,995-466-3007,3097 Emmet Lane,Male,37
Caroljean Weald,202-877-0288,57728 Killdeer Circle,Female,68
Baxter Bernardotti,341-512-4683,0 High Crossing Road,Male,36
Leone Yarrell,981-204-6422,12805 Schlimgen Avenue,Female,22
Dolorita Reyburn,963-576-6305,81524 Coolidge Drive,Female,73
Jessalin Petyanin,283-541-7923,643 Rieder Court,Female,35
Kliment Titley,647-247-8527,128 Delladonna Place,Male,44
Abey Penk,634-795-6871,688 Weeping Birch Hill,Male,63
Loralie Kendrew,929-157-9471,172 Atwood Center,Female,41
Mannie Curman,536-555-6682,76 Sullivan Court,Male,23
Ardath Floyd,553-638-4473,096 Melrose Street,Female,51
Portia Craw,778-156-3740,8414 Dunning Road,Female,21
Alexandr Vanichkov,405-720-1718,2 Pawling Way,Male,80
Archibaldo Edwinson,757-673-5090,5012 Havey Place,Male,74
Morlee Pollicott,883-958-3347,68 Saint Paul Park,Male,30
Othelia Gave,245-672-0297,41 Lukken Plaza,Female,70
Joella Emney,257-896-4784,485 Grasskamp Point,Genderqueer,71
Mord Bootell,245-320-5240,5 Schlimgen Alley,Male,23
Sue Sherrin,741-327-5531,28550 Sugar Plaza,Female,44
Petronella Kerrod,264-522-5795,47 La Follette Hill,Female,20
Ethan Monckton,507-776-7289,96675 Di Loreto Park,Male,75
Erl Admans,871-447-5415,27252 Russell Alley,Male,23
Terra Burchett,258-781-3429,8453 Jay Junction,Female,24
Geri Moreno,512-660-2774,21396 Northview Court,Male,43
Galvin Lackner,869-464-8275,7413 Sunbrook Parkway,Male,56
Othello Clarkin,123-839-1310,82 Miller Trail,Male,18
Car Zamboniari,194-394-0720,256 Monument Parkway,Male,42
Arlene Troy,143-379-2930,03 Schiller Avenue,Female,79
Federica Burnitt,232-910-0414,4 New Castle Street,Female,35
Aubrey Hadcroft,371-776-8077,2 Loftsgordon Road,Male,38
Wallie Newiss,958-182-9498,3740 Grayhawk Drive,Male,19
Heather Cottu,554-340-5464,86 Burning Wood Terrace,Female,76
Margit Monkley,104-201-3164,3 Waywood Road,Female,73
Bertie Cochern,813-420-5533,22 Maple Crossing,Female,52
Van Rodgerson,516-695-6202,523 Marquette Circle,Female,39
Filippo Sinclaire,779-583-5200,04 Graedel Road,Male,76
Meridel Schulz,278-240-8167,3649 Melrose Crossing,Non-binary,78
Binky Kemshell,388-352-5481,2 Clemons Avenue,Male,27
Read Lavielle,770-856-5735,3 Marquette Pass,Male,26
Lazaro Cowins,145-228-1052,8522 Dakota Circle,Male,21
Archambault Colbourn,631-407-0703,516 Rieder Crossing,Male,55
Joella Porson,272-863-8999,1 Nancy Parkway,Female,53
Oralia Coombs,844-161-2979,1514 Ridgeview Pass,Female,20
Alexia Byrth,552-983-5230,7 Sutteridge Terrace,Female,55
Ellene Taft,172-193-1515,6 Washington Crossing,Female,30
Karlotte Tweedy,208-269-0991,69570 Continental Terrace,Female,22
Husain Petschel,547-947-4384,865 Helena Lane,Non-binary,43
Pepito Dye,285-498-5101,71 Springview Point,Male,21
Wendie Writtle,687-623-1219,0 Hayes Drive,Female,25
Wallie Saxton,333-354-5554,5 Rutledge Alley,Female,48
Kaia Mapowder,513-573-3789,93490 Ludington Terrace,Female,40
Celia Bensley,107-745-7062,1686 Bluestem Place,Female,73
Sholom Becerra,665-203-8941,03 Prairieview Point,Genderqueer,70
Kate Mulrean,853-423-8515,6 Sugar Lane,Female,49
Tanney Tivers,659-535-0459,074 Starling Pass,Agender,41
Jarid Blaes,937-383-9995,98600 Chive Way,Male,34
Kaylee Nattrass,175-882-1132,0 La Follette Road,Female,74
Oliviero Stitfall,385-899-9314,9 Mockingbird Street,Male,25
Glory Shorte,930-229-6443,4 Lakeland Way,Female,22
Audrie Gudgeon,489-624-8544,15408 Logan Trail,Female,52
Hodge Mellhuish,422-164-8438,1784 Elka Way,Male,42
Harlen Mulleary,762-124-2439,319 Novick Center,Genderqueer,52
Hollyanne Pudsall,565-727-4133,5582 Killdeer Park,Female,63
Orion Simister,228-688-0221,8516 Lerdahl Park,Male,54
Erv Tytterton,685-795-8012,607 Arrowood Center,Male,39
Remy Richmont,213-471-9667,6 Bluestem Road,Female,71
Wileen Tresler,822-744-2235,795 Logan Avenue,Female,54
Eustacia Jarrold,745-222-5720,8566 Arapahoe Circle,Female,62
Fanny Mattack,803-770-5226,39 Westridge Point,Female,20
Katha Syder,265-934-2554,806 Nevada Way,Female,66
Goddard Cissell,683-385-4729,7 Del Sol Lane,Male,18
Justinn Noone,256-302-5733,19 Meadow Valley Circle,Female,56
Delores Greatbatch,874-930-3294,6439 Old Shore Parkway,Female,50
Keen Bathow,579-659-5723,676 Trailsway Parkway,Male,61
Doy Brownbridge,497-894-5367,42 Shelley Pass,Male,38
Alta Kettlesing,896-424-7886,31 Brentwood Alley,Female,77
Analiese Vedeshkin,400-523-9444,8921 Coolidge Hill,Female,58
Brantley Hulatt,980-579-2176,66380 Aberg Road,Male,38
Amery Stockley,607-235-1668,455 Susan Terrace,Male,62
Vance Fashion,903-329-7142,47 Dottie Hill,Male,71
Jillane Jansema,854-951-4751,2901 Grim Lane,Female,35
Brodie Lebarree,117-969-6829,05156 Macpherson Court,Male,32
Jasmine Falcus,738-588-5700,785 Kensington Circle,Female,64
Robb Lafond,761-936-5123,48 Elka Alley,Male,73
Alexandro Brearley,720-842-2851,11 Melby Drive,Agender,47
Lacey Burling,944-637-8177,4366 Evergreen Trail,Female,72
Beatriz Hinks,467-767-0089,91255 Roxbury Park,Female,60
Cloe Rimmer,626-544-3192,637 Green Ridge Drive,Female,73
Pearce Albiston,469-580-1454,552 Anderson Trail,Male,43
Joice Cullrford,425-677-7555,4283 Cordelia Lane,Bigender,67
Kristoforo Trevino,341-656-7141,6532 Kennedy Junction,Male,27
Stormy Mc Curlye,228-697-5369,7 Goodland Trail,Genderqueer,18
Aurea Burnand,135-487-9587,1 Ridgeview Crossing,Female,78
Marcy Callis,181-360-4000,5070 Warbler Pass,Female,62
Elwin Lyman,951-365-7313,13640 Ramsey Junction,Male,51
Cullie Burridge,285-957-2213,3077 Vahlen Center,Male,71
Garreth Dunckley,898-402-5542,906 Chinook Court,Male,66
Jerrie O'Dowling,248-402-4414,4908 Stone Corner Way,Male,18
David Paridge,912-941-0699,08580 Jackson Place,Male,30
Ash Hiskey,120-507-1548,002 Del Mar Circle,Male,35
Arnuad Frossell,785-401-8256,8135 Bartillon Place,Male,43
Kathrine Britton,262-477-4776,65701 Magdeline Lane,Female,35
Krishna Martinie,365-500-7307,9 Homewood Parkway,Male,68
Flor Crackel,648-859-2915,18578 Fulton Point,Female,33
Bennie Edmund,806-627-9941,6225 Bartillon Plaza,Female,62
Kamila Dudek,399-860-6420,770 Old Shore Hill,Female,33
Ranique Mellon,483-626-8781,7153 Rockefeller Lane,Female,46
Dagny Fazzioli,431-248-9693,56848 Gulseth Street,Male,65
Padraic Boxell,393-573-5975,1639 Eagle Crest Street,Male,51
Beverlie Marchington,875-183-6774,08 Oxford Parkway,Female,65
Luella Bartot,770-147-1194,65 Green Ridge Drive,Female,66
Gladi Sabbin,512-426-0464,2743 Crowley Lane,Female,33
Ag Riccioppo,983-184-0778,182 Dovetail Center,Female,25
Darleen Jossum,208-696-2459,26 Welch Trail,Female,47
Karla Ryde,177-600-9512,6610 Lighthouse Bay Alley,Female,72
Rickert Rampling,387-882-5260,202 Lakewood Terrace,Male,18
Tova Viel,366-831-0841,20753 Norway Maple Way,Female,74
Fanechka Horsewood,481-321-2579,8646 Alpine Circle,Female,33
Karalee Tarte,207-562-4473,05557 5th Circle,Female,65
Carlynn Cullrford,127-234-1131,9249 Johnson Junction,Female,30
Muhammad Rhoddie,604-287-1123,2 Holy Cross Road,Genderqueer,52
Gloria Guido,582-294-3879,97 Eagan Drive,Female,79
Fairfax Senten,666-193-9873,3 Park Meadow Park,Male,40
Eleanor Rackham,765-632-4131,4 Lake View Street,Bigender,56
Rozella Trelease,713-745-6067,3 Ruskin Point,Genderqueer,22
Cyndia Otham,225-682-0050,4 Glendale Lane,Female,27
Martainn Sympson,772-922-4873,2 Eastlawn Avenue,Male,80
Abbye Reville,383-176-2696,1017 Linden Court,Female,49
Sabra Wiltshear,200-815-3829,5838 Cordelia Center,Female,59
Corabel Patterfield,126-310-2107,86298 American Way,Female,60
Hebert Maude,296-389-4124,84 Del Mar Crossing,Male,45
Tabby Petyankin,572-905-6137,67 Scoville Point,Female,80
Isadore Stapells,979-223-4744,2548 Cottonwood Lane,Male,39
Lonnie Gammidge,860-323-5440,776 Village Center,Male,55
Maurise Reede,645-181-8651,6206 Claremont Court,Female,51
Nichole Dinse,827-572-9985,65689 Bayside Drive,Male,31
Tymothy Burgan,278-539-9584,9 Trailsway Circle,Agender,55
Cross Uebel,616-188-4669,89875 Transport Trail,Male,28
Devonna Tilbrook,383-115-3677,73052 Kings Circle,Female,57
Cooper Rameau,340-231-4158,3 Miller Circle,Male,49
Pete Praten,793-306-1535,0686 Walton Place,Male,50
Pepi Mattack,195-366-6023,8 Raven Way,Female,19
Winni Fishpoole,623-968-5112,3 Moose Circle,Female,36
Carmita Jubert,336-469-2928,27946 Toban Terrace,Female,78
Jacquie Tharme,767-601-0600,58975 Pepper Wood Crossing,Female,52
Cosmo Linny,823-104-6388,04423 Sundown Point,Male,37
Yvonne Mival,457-484-9460,368 Golf View Road,Female,61
Benita Tunder,727-314-0955,708 Hintze Park,Female,20
Karen Gaiford,354-499-4181,33 Express Crossing,Female,59
Wilmette Zettler,205-509-0789,58746 Kinsman Trail,Female,26
Giavani Astlet,946-627-5820,4487 Ilene Lane,Male,33
Nickolai Brigman,774-920-2016,084 Quincy Point,Male,33
Zsazsa Dewane,663-918-0886,04 Miller Road,Female,35
Bunni Edinboro,481-820-6364,706 Independence Trail,Female,53
Letisha Giacomoni,118-932-7991,09 Graedel Lane,Female,78
Marjie Bryns,758-303-5033,350 Dwight Center,Female,65
Flossie McLaggan,506-161-4153,4749 Arrowood Street,Female,80
Anya Mallabund,826-623-6562,2 Claremont Point,Genderqueer,41
Genna Braybrook,101-101-9641,22808 Pearson Avenue,Female,66
Celina O'Dowgaine,766-976-9943,08 Eliot Pass,Female,33
Stephani Schaffel,790-863-6419,441 Rutledge Terrace,Female,55
Iggie Jamson,837-345-6583,62 Sunnyside Lane,Male,74
Elroy Cicci,917-265-1239,343 Shopko Trail,Male,72
Madelyn Tunnow,534-726-4107,2 Evergreen Crossing,Female,30
Loy Everitt,916-660-6708,673 5th Center,Male,77
Kristo Uphill,500-633-7577,68242 Columbus Plaza,Male,45
Carolann Dmytryk,180-108-7155,0 Mccormick Plaza,Female,23
Maurene Reisen,745-621-7641,11 Shelley Hill,Female,27
Stephana Dubbin,813-649-4844,04568 Division Drive,Female,55
Ingamar McLoughlin,780-127-1478,382 Bellgrove Pass,Male,72
Diarmid Nelhams,972-364-8177,86185 Golden Leaf Hill,Male,52
Bjorn Meadley,657-803-3456,524 Vera Park,Male,20
Milly Matthews,794-229-4923,263 Schlimgen Road,Female,66
Tatiania Donaway,606-616-1532,66 Corscot Pass,Female,28
Michail Hofler,604-753-0733,85 Maple Terrace,Male,19
Erskine Constantine,468-440-2554,934 Merchant Junction,Male,41
Marwin Wherrett,350-865-8828,69 Bultman Avenue,Male,60
Giffer O'Connolly,378-324-3743,7 Becker Crossing,Male,41
Jayne Klagge,480-982-6111,098 Eagle Crest Drive,Female,68
Haywood Brabyn,285-237-0978,67525 Burning Wood Trail,Male,27
Dorelle Marjot,586-733-8234,52582 Hansons Avenue,Female,61
Vlad Decaze,335-676-8788,4 Lake View Point,Male,50
Cherlyn Freiberg,730-493-9126,008 Sutherland Pass,Female,34
Irwinn Allso,136-560-5114,9 Redwing Plaza,Male,68
Jocelyne Dunstan,323-275-5913,5244 Hudson Crossing,Female,63
Sammie Backman,274-106-5815,7315 Everett Way,Male,56
Jarrett Quarless,849-753-2580,39 Blaine Hill,Male,53
Bailie Nott,129-933-7184,62 Bobwhite Road,Male,36
Fedora Birrel,592-258-8826,3 Sachs Hill,Female,39
Wendall Rossey,669-156-1576,88 Redwing Drive,Male,47
Toiboid Gaitley,946-341-3523,89 Bellgrove Junction,Male,27
Sloane McLewd,925-400-9250,47 Hanover Plaza,Male,59
Kent Spadeck,391-466-1741,35763 Hovde Parkway,Male,58
Nat Cashford,203-861-1086,176 Sheridan Circle,Female,22
Wenda Blackler,337-808-7041,4809 Paget Trail,Non-binary,18
Rozelle Bront,561-561-2492,88875 Russell Plaza,Female,28
Panchito Pirrone,125-392-2064,76637 Northfield Trail,Male,69
Rheta Diem,916-282-5685,64247 Straubel Street,Female,49
Jewel Deinhardt,636-246-4044,73116 Vernon Hill,Female,45
Katrina Jime,757-634-5539,5 Stang Point,Female,49
Devy Gillespie,542-454-8091,481 Macpherson Road,Male,80
Bobbye Beumant,183-940-0059,78371 Ramsey Park,Female,50
Moshe D'Agostini,736-865-5276,735 Buhler Hill,Male,80
Graehme O'Duilleain,228-105-6718,17308 Florence Place,Male,77
Kay Agiolfinger,571-394-8124,2 David Park,Female,33
Vilhelmina Girodin,323-171-2681,279 Hallows Court,Female,59
Martelle Facchini,174-551-9719,11 Walton Point,Female,44
Nancee Sweetlove,894-839-7952,9 Kinsman Alley,Female,19
Shell Moreby,378-434-2862,5768 8th Pass,Male,18
Perri McClary,427-101-9527,6030 Gina Junction,Female,53
Dalenna McGucken,760-394-4615,157 Mandrake Lane,Female,59
Tamiko Crake,257-546-4968,05830 Vera Pass,Female,18
Florentia Bennitt,335-112-7370,82933 Kennedy Way,Female,62
Rebeca Polack,380-318-1577,8214 Scofield Alley,Female,26
Natassia Betteridge,676-851-9282,1 Ramsey Junction,Female,53
Emmerich Leipoldt,527-265-2106,89086 Scott Way,Male,22
Aloise Paeckmeyer,627-863-2850,4024 Hansons Terrace,Female,76
Jan Hartas,108-175-1707,90 Ridge Oak Court,Male,65
Kalila Fitch,442-937-0244,13244 Sloan Crossing,Female,50
Maynard Maplethorp,783-163-8511,830 Blackbird Alley,Male,45
Edin Pereira,330-713-2398,8445 Corscot Alley,Female,59
Ave Almon,215-918-7638,70078 Carioca Center,Male,31
Jobina Mouncher,475-531-5516,73 Debs Alley,Female,41
Lars Ferrier,627-115-5226,950 Pond Street,Male,44
Mellie Chansonne,377-180-9260,60293 Autumn Leaf Hill,Female,65
Eziechiele Fellgate,397-301-6724,7 Meadow Vale Lane,Male,68
Tate Tedahl,172-287-6835,6144 Talmadge Center,Male,78
Cosetta Wands,869-836-3471,79 Shoshone Trail,Female,75
Ardelia Androck,267-840-5166,51376 Orin Parkway,Female,26
Leonerd Perkis,111-862-8492,194 Bunting Park,Male,35
Fabien Frazier,520-953-4363,757 Mockingbird Place,Non-binary,52
Gonzales Seage,341-118-2583,79 Dovetail Parkway,Male,76
Olly Glede,365-736-7480,9311 Troy Lane,Male,49
Nani Harmond,625-783-9683,8 School Trail,Female,49
Ximenez Venditto,171-294-3515,9410 Oak Valley Center,Male,56
Sabine Parman,720-228-2846,278 Lien Road,Female,48
Mathias McFadden,520-883-6726,700 Amoth Terrace,Male,52
Giraud Bleakley,533-714-3263,0 Old Gate Lane,Genderfluid,44
Padgett Camelin,401-679-7914,70 Maple Plaza,Male,60
Payton Arrow,540-284-6171,9865 Orin Plaza,Male,56
Ludwig Verralls,173-985-0732,65 Nevada Street,Male,48
Drugi Coddrington,354-106-2796,05 Veith Plaza,Agender,61
Vivianne Spinetti,522-391-5888,1 Moland Circle,Female,56
Cord Timby,763-578-1636,48 Loomis Alley,Male,22
Reilly Clissett,595-762-3870,61384 Arkansas Park,Male,29
Trenton Lacotte,389-325-8866,5024 Pennsylvania Way,Genderfluid,46
Gannon Kimblen,170-385-3750,5 Luster Avenue,Male,78
Tallie Ulyat,180-334-4207,89 Summit Pass,Male,36
Murray Corbett,267-188-1110,3 Marquette Road,Male,80
Rafi Brydson,493-860-0409,99 8th Alley,Male,53
Hartley Haggerston,983-326-8572,8 Transport Terrace,Male,42
Sibyl Pennazzi,350-297-6368,853 Sunfield Trail,Female,22
Ignacio Rucklidge,828-601-3567,9189 Comanche Road,Male,63
Janeczka Fantonetti,128-942-3862,807 Little Fleur Point,Female,64
Jasun Janowski,568-503-9321,76136 Pankratz Drive,Male,51
Roze Bessell,696-661-4998,20356 Pine View Park,Female,51
Jessi Farrah,367-779-1311,7615 Farwell Hill,Female,76
Robby Cubbini,352-571-5587,62 Kingsford Hill,Male,60
Lonnie Boundley,161-445-6111,48242 Grim Point,Female,78
Catlaina Mertsching,179-963-1477,03992 Superior Way,Female,33
Dredi Strettle,815-229-5128,93 Namekagon Terrace,Female,66
Ignacio Goldson,424-830-3754,08 North Avenue,Male,68
Berenice Yerrington,819-197-6989,20019 Crowley Parkway,Female,28
Jessee Beretta,675-409-6737,783 Lotheville Court,Male,74
Nigel Cowin,862-657-2344,19 Thompson Pass,Male,80
Geoffry Wellstood,776-464-2495,5 Hanover Lane,Male,79
Melli Sworder,373-828-6461,0 Continental Park,Female,48
Rockwell Kerkham,977-318-5389,943 Northport Park,Male,40
Bobbie McCrisken,663-428-8040,7996 Ilene Pass,Bigender,60
Eldin Gaudin,856-973-5500,07589 Trailsway Circle,Male,48
Elvera Hacun,713-982-7617,587 Judy Trail,Female,77
Nil Eyre,720-993-7280,8 Talmadge Parkway,Male,57
Ree Moodey,384-362-4237,3 Delaware Point,Female,48
Muffin Fance,204-521-9749,5 Prairie Rose Lane,Male,79
Angel Shelf,382-663-7041,38309 West Center,Female,47
Trace Losselyong,600-573-1091,214 Mitchell Road,Genderqueer,68
Raphael Micheu,455-148-3127,0245 Goodland Pass,Male,68
Nowell Hollows,303-275-9880,58336 Vahlen Plaza,Male,18
Terri Ilyasov,811-457-0821,0991 Ludington Lane,Male,50
Leupold Tille,591-837-2226,5 Mifflin Lane,Male,32
Ynez Vivash,444-672-6917,6574 Norway Maple Avenue,Female,21
Winne Linne,623-250-2741,0042 Spenser Way,Bigender,74
Hadrian Karpman,274-701-4519,3843 Canary Hill,Male,43
Gene Nannetti,656-899-7675,27 Schlimgen Court,Female,20
Dall Soanes,233-764-8154,9 Ryan Circle,Male,31
Emilio Prandin,385-433-5511,73486 Welch Crossing,Male,59
Cobby Cain,640-475-8493,11 Manufacturers Park,Male,54
Alexandr Ewenson,157-910-0538,653 Canary Park,Male,54
Delia Lascelles,378-618-1883,366 Messerschmidt Way,Female,44
Verene Moses,637-612-7955,6 Shopko Pass,Female,64
Bibbie McColm,532-275-2803,7189 Bobwhite Court,Female,53
Giselle Lambourn,176-141-5382,447 Loftsgordon Court,Female,18
Blondy McKeaveney,408-689-3166,72 Village Plaza,Female,43
Amelina George,653-658-0943,758 Elmside Hill,Female,34
Odella McMenamin,610-598-5730,88024 Pawling Lane,Female,55
Torre Stuchbery,425-940-2231,036 John Wall Trail,Male,29
Orlan True,407-127-8221,627 Scott Point,Male,50
Michail Reedy,562-581-2746,30226 Glacier Hill Plaza,Male,21
Birch Longrigg,858-810-1153,4 Wayridge Crossing,Agender,80
Kathleen Fazzioli,785-194-9909,61843 Warbler Circle,Female,50
Astrix Vasyunichev,878-497-3528,365 Barby Hill,Female,51
Marlowe Ripsher,440-766-4263,48 Sachs Circle,Bigender,32
Peggie Danieli,218-310-2983,576 6th Junction,Female,37
Maribelle Gill,469-811-8237,93 Declaration Junction,Female,76
Jonie Le Claire,740-962-1409,704 Columbus Junction,Female,65
Jesse Moret,221-407-7405,254 Declaration Pass,Female,74
Griffy Brobak,378-872-0937,5762 Harper Street,Male,32
Ruy Auten,652-401-5590,837 Milwaukee Park,Polygender,69
Phil Roberds,638-819-6602,6 Kim Trail,Genderqueer,28
Brenden Barlie,569-911-1212,4483 Amoth Hill,Male,59
Larisa Gieraths,776-131-4621,46 Hanover Alley,Female,72
Madelon Carlill,564-716-8796,0163 Anthes Street,Female,18
Zabrina Letch,477-239-5811,2120 Elgar Center,Female,30
Ansley Scardifield,797-268-4500,0 Hanover Parkway,Female,52
Lissa Pamplin,767-244-9605,689 Ridge Oak Hill,Female,21
Hermione Worrall,592-593-6872,3430 Maple Wood Way,Female,59
Caddric Corhard,994-552-5182,43 Summerview Pass,Male,71
Willie Cleverley,829-299-7706,0151 Shoshone Drive,Female,57
Uriel Butter,209-234-0386,0792 Cottonwood Avenue,Male,79
Jozef Etchells,552-137-0869,15 Stephen Court,Male,71
Octavia McKay,428-572-9990,588 Moulton Parkway,Female,32
Berkeley McQuarrie,542-814-7965,7268 Eagle Crest Terrace,Male,80
Corrianne Mainz,310-803-3949,4303 Melvin Hill,Female,44
Oran Opy,369-831-5874,601 Pond Road,Male,70
Lesya Woolcocks,621-141-3215,451 Fulton Court,Female,33
Luciano Curphey,512-565-6675,131 Rowland Alley,Male,69
Ardene Walsh,234-271-7559,98804 Northport Park,Female,58
Collin Sustin,881-709-6466,42 7th Drive,Male,29
Mag Alelsandrowicz,159-404-2879,2 Gina Street,Female,22
Jude Sidnell,425-321-3792,1950 Northwestern Hill,Male,67
Fabe Clutram,647-300-9330,26022 4th Place,Male,64
Gerry Bradbury,432-838-6280,6 Wayridge Avenue,Male,48
Pandora Gaukroger,178-164-8737,9023 Ruskin Court,Female,28
Fonz Bachnic,272-620-4011,67 Twin Pines Junction,Male,34
Garrek Emes,169-383-7160,2 Hoard Trail,Male,40
Tanya Keast,533-961-7876,3 Debs Park,Female,39
Linet Cinderey,659-487-4300,216 Debs Plaza,Female,36
Fancie Swinn,881-686-1019,85405 Chinook Plaza,Female,37
Taddeusz Edelston,299-241-2162,70 Briar Crest Road,Male,23
Koressa Nezey,472-425-7459,28374 Claremont Lane,Female,41
Deane Henryson,346-769-1357,619 1st Street,Male,58
Ula Rowledge,754-724-6658,80502 Sachs Street,Female,76
Kathie Caro,967-288-4605,0115 Bay Alley,Female,56
Buddie Tourner,887-846-4358,907 Manitowish Place,Male,51
Brunhilda Klaaassen,665-982-8011,9 Miller Crossing,Genderqueer,38
Humfrid Ramirez,125-372-8769,0 Coleman Point,Male,58
Mathew Darnborough,172-204-9423,92 Towne Place,Bigender,51
Helli Faragan,625-949-8548,693 7th Street,Female,21
Corbie Pabel,922-353-3199,750 Carey Crossing,Male,45
Delores Doorbar,574-676-7468,74 Village Green Way,Bigender,52
Issy Baraclough,640-234-9103,27992 Westport Terrace,Female,62
Tiffie Sarfatti,328-451-6499,9419 Maywood Plaza,Female,36
Lou Freebury,776-444-4887,185 Corscot Park,Female,29
Tamas Boulder,252-156-2651,4617 Arrowood Court,Male,36
Clim Treverton,571-709-6340,526 Westridge Alley,Male,72
Kizzee Strowlger,137-970-2315,39495 Autumn Leaf Plaza,Female,73
Hastings Cherrington,778-267-0225,549 Fulton Alley,Male,74
Abel Agostini,889-635-2563,492 Armistice Lane,Male,53
Samuel Brandel,143-753-7661,98246 Sutherland Parkway,Male,48
Adda Hendrickson,988-495-5516,52 1st Center,Female,57
Oneida Pelz,622-922-4714,0023 Elgar Alley,Female,30
Roddy Coppock.,891-830-9644,2 Gale Center,Male,67
Clementius Streeton,340-205-3082,86 Transport Park,Male,43
Rosalinde Haggleton,865-203-2779,679 Village Park,Female,60
Zackariah Pigram,641-708-8915,99 Maryland Terrace,Male,45
Natalina Moohan,447-310-0995,10 Graedel Court,Female,77
D'arcy Pettko,554-129-0647,702 Oxford Trail,Male,74
Johny Ellit,729-120-2457,2 Sloan Circle,Male,58
Malachi Theobalds,791-565-4840,692 Eastwood Center,Male,72
Elie Paolotto,809-389-3798,13 John Wall Point,Female,80
Rhona Mowett,882-758-8102,2 Ridge Oak Trail,Female,52
Suzi Walklot,756-744-5911,7 Florence Terrace,Female,64
Johnath Rubartelli,255-766-3570,216 Crownhardt Park,Female,25
Jonah Lambricht,561-421-2151,8612 Hanson Pass,Male,36
Liane Ogger,181-402-4061,18689 Cordelia Place,Female,78
Rafferty Guiso,421-143-5152,544 Ridgeway Alley,Male,35
Kenn Soares,212-875-3700,4 Mockingbird Street,Male,21
Ebeneser Cowlam,838-104-1982,02291 Melody Lane,Male,32
Phillis Dysart,903-603-6035,5739 Garrison Drive,Female,74
Zoe Dono,679-977-8471,01 Straubel Avenue,Female,69
Gustav Camier,104-930-3287,0 Superior Point,Male,76
Mozelle Steedman,657-160-2298,44 Granby Avenue,Female,62
Lillian Franciottoi,623-170-0476,489 Transport Alley,Female,37
Danielle Shopcott,199-762-2005,7 Crescent Oaks Plaza,Female,50
Gennie Feben,110-849-0401,68255 Ohio Avenue,Female,31
Goober Haggard,138-422-7390,93 Moland Place,Male,62
Corney Haysom,424-650-2519,6585 Schurz Crossing,Male,71
Julianna Kelsey,782-985-7573,1 Warner Street,Female,21
Carry Duetsche,828-121-5149,771 Ludington Park,Female,29
Melessa Paris,894-731-2301,1 Basil Way,Female,54
Torrey McCarver,839-279-0419,080 Mitchell Pass,Male,30
Eddy Obern,660-985-6171,671 Mayer Street,Male,41
Linnea MacMenamin,459-832-5603,8 Brown Street,Female,68
Margi Caught,521-188-0954,28 Nevada Pass,Female,73
Libbie Spadoni,626-105-1175,11 Erie Hill,Female,56
Barde McKeighen,363-757-3243,5 Eagle Crest Circle,Male,56
Nickola Smooth,177-245-1396,504 Melody Drive,Male,38
Basia Masson,922-980-4258,2 Cherokee Alley,Female,36
Malinda Selby,405-194-3894,77 Colorado Way,Female,51
Jed Hutton,730-363-8982,06 Kenwood Street,Male,23
Kristina Standingford,973-578-7103,2260 Annamark Park,Female,41
Cosmo Westman,517-767-1333,26747 Farmco Place,Male,80
Hermy Strass,953-412-0839,1149 Banding Center,Male,52
Melvyn Figge,754-127-2302,41956 Blackbird Way,Male,66
Odette Marns,232-631-5805,79 Esch Parkway,Female,57
Cara Clancey,603-886-4369,51 Moland Court,Female,42
Sara-ann Malacrida,708-660-1578,75577 Maple Wood Crossing,Genderfluid,71
Loydie Rennles,665-575-1209,9549 Acker Avenue,Male,77
Gregorius Speaks,347-801-5261,79 Hermina Place,Male,34
Oralle Bannester,638-675-6463,356 Sage Plaza,Female,35
Bale Ivanikhin,245-935-3643,861 Colorado Place,Male,72
Wynnie Merman,475-829-2417,899 Clyde Gallagher Lane,Female,26
Licha Bernadon,440-805-6469,05369 Kennedy Avenue,Female,43
Leonard Smithe,323-647-0622,90487 Waubesa Park,Male,66
Mark Haney,311-441-8743,2 Cherokee Trail,Male,36
Maude Thurston,911-988-0769,8834 Lighthouse Bay Parkway,Female,30
Maximilien Sazio,559-399-4228,50190 Ryan Way,Male,49
Nestor Iffe,569-904-9700,422 Coolidge Place,Male,45
Mickie Grice,482-539-8573,67 Memorial Way,Male,48
Humphrey Sharplin,426-406-4490,5 Victoria Court,Male,39
Adi O'Sharry,423-927-3818,704 Manufacturers Terrace,Female,23
Joya Pessolt,577-393-7711,8 Sycamore Center,Female,21
Mattheus Godehard.sf,170-773-3763,1 Petterle Terrace,Male,46
Bailie Coates,627-231-0216,233 Summer Ridge Drive,Male,79
Marilee Currier,242-833-2797,127 Weeping Birch Circle,Female,72
Shannen Mangham,148-860-0975,3 Nevada Street,Female,47
Chloris Grove,450-197-4071,75637 Browning Way,Female,76
Der Edgeworth,778-108-8773,89 Arkansas Pass,Male,56
Mario Dilley,688-691-0080,3 Wayridge Pass,Male,75
Sky Sparshott,146-516-7360,07 Johnson Street,Male,63
Darryl Garlinge,523-525-2852,2 Old Shore Park,Male,33
Karolina Teissier,538-287-4321,475 Quincy Parkway,Polygender,80
Sergio Sillick,578-450-9072,929 Old Gate Plaza,Male,50
Amalee Blinde,637-876-4968,6 Lunder Center,Female,66
Jazmin Jeromson,504-793-9310,6774 Blaine Park,Female,22
Flora Wraxall,583-687-3511,986 Hanover Alley,Female,26
Kenton Spyby,652-770-9971,831 Parkside Point,Male,41
Brandice Brackpool,175-282-6715,1 Sachtjen Avenue,Female,41
Jo-anne Hartzenberg,290-707-9264,02813 Troy Plaza,Female,58
Sydney Wilkinson,487-698-6750,190 Mariners Cove Terrace,Male,20
Andra Arnao,659-716-1721,91501 Lyons Center,Female,27
Quintin Scotsbrook,678-264-2248,6 Grim Trail,Male,64
Zacharia Bestall,432-224-8756,6 Arizona Pass,Male,57
Rubie Portingale,323-392-0839,269 Golden Leaf Court,Female,46
Beverlee Pleuman,374-990-1036,2 Grim Plaza,Female,36
Tildie Phlipon,287-123-8642,9 Karstens Circle,Female,43
Camel Veitch,788-130-1898,12440 Surrey Junction,Female,78
Gabriela Oganian,369-183-3386,79 Monterey Center,Female,27
Krystle Winsper,396-312-5917,448 Division Court,Female,46
Kearney Meekin,459-524-4529,39801 Hoepker Plaza,Male,52
Audre Coverly,799-160-7953,9125 Moland Court,Female,58
Rose Bagenal,962-442-8853,3098 Morning Hill,Female,19
Breena Gergher,659-158-6783,1 High Crossing Road,Female,51
Ruddie Mudle,291-982-4998,984 Lillian Alley,Male,45
Adeline Dury,654-402-0909,88100 Charing Cross Crossing,Female,27
Meade Tigner,879-577-7457,4 Atwood Lane,Male,28
Orazio Vardie,260-135-6815,14413 Cascade Point,Male,22
Nicol Occleshaw,700-645-4568,03164 Hoepker Court,Male,56
Malynda Asmus,796-821-7644,6930 Susan Point,Female,40
Gallagher Jonsson,351-909-9157,7 Butterfield Point,Male,79
Carmelle Kleyn,986-215-3067,56 Elgar Pass,Female,27
Sarene Westover,783-335-3126,99015 Calypso Center,Female,45
Conny Beevers,640-519-2721,48 Aberg Plaza,Male,73
Hyman Levinge,229-983-0027,250 Pennsylvania Alley,Agender,64
Laurence Johncey,592-876-7385,9079 Sachtjen Drive,Male,40
Cariotta McMorran,500-894-4791,69665 Morning Terrace,Female,27
Bianka Mansell,453-111-5840,2051 Forest Dale Drive,Female,21
Maddy Langstone,214-572-6998,2131 Porter Point,Female,43
Dallas Garbett,570-256-0140,27338 Onsgard Hill,Male,28
Seumas Laweles,291-916-2372,181 Sachs Hill,Male,44
Laura Wethers,990-836-7157,79 Mosinee Pass,Female,41
Willi Brockwell,760-414-3057,0 Artisan Avenue,Male,55
Alexandro Garrand,131-334-9147,3 Valley Edge Road,Male,43
Michele Dargavel,192-277-4919,615 Myrtle Park,Genderqueer,67
Zak Speare,551-883-5873,31 Holmberg Plaza,Male,47
Demott von Hagt,841-617-6408,66537 Blackbird Plaza,Male,66
Flynn Langford,877-494-7198,38378 Superior Way,Male,44
Byram Pantry,167-400-0289,7 Summerview Road,Genderfluid,31
Agnola Foystone,645-965-1160,045 Iowa Alley,Female,23
Prudence Crighten,650-999-3398,65084 Union Plaza,Female,33
Emmi Grono,404-453-0587,239 Graceland Plaza,Female,35
Orv Brack,665-501-6227,12748 6th Pass,Male,55
Skippy Devin,448-493-5739,733 Roth Alley,Male,67
Lynsey Stubs,600-965-1877,5571 Petterle Alley,Female,48
Kiel Blackden,286-375-0324,2 Bayside Street,Male,67
Walt de Guerre,238-664-5746,9 Elgar Junction,Male,32
Chrissy Desorts,426-245-7243,28 Lakeland Pass,Male,38
Ilene Landall,979-363-0749,5088 Debs Parkway,Genderqueer,47
William Groome,536-785-4526,77 Roth Circle,Male,62
